"0","ggarrange(EssentialPlot.plots[[1]],EssentialPlot.plots[[2]],EssentialPlot.plots[[3]],EssentialPlot.plots[[4]],EssentialPlot.plots[[5]],EssentialPlot.plots[[6]],"
"0","          EssentialPlot.plots[[7]],EssentialPlot.plots[[8]],EssentialPlot.plots[[9]],EssentialPlot.plots[[10]],EssentialPlot.plots[[11]],EssentialPlot.plots[[12]],"
"0","          nrow=2,ncol=6)"
"2","Warning: Removed 21 rows containing non-finite values (stat_ydensity)."
"2","Warning: Removed 21 rows containing non-finite values (stat_boxplot)."
"2","Warning: Removed 44 rows containing non-finite values (stat_ydensity)."
"2","Warning: Removed 44 rows containing non-finite values (stat_boxplot)."
"2","Warning: Removed 10 rows containing non-finite values (stat_ydensity)."
"2","Warning: Removed 10 rows containing non-finite values (stat_boxplot)."
"2","Warning: Removed 50 rows containing non-finite values (stat_ydensity)."
"2","Warning: Removed 50 rows containing non-finite values (stat_boxplot)."
"2","Warning: Removed 5 rows containing non-finite values (stat_ydensity)."
"2","Warning: Removed 5 rows containing non-finite values (stat_boxplot)."
"2","Warning: Removed 3 rows containing non-finite values (stat_ydensity)."
"2","Warning: Removed 3 rows containing non-finite values (stat_boxplot)."
