"0","library(openxlsx)"
"0","library(ggplot2)"
"0","library(tidyverse)"
"0","library(reprex)"
"0","library(matrixStats)"
"0","library(XML)"
"0","library(ggrepel)"
"0","library(ggVennDiagram)"
"0","library(GGally)"
"0","library(DESeq2)"
"0","library(apeglm)"
"0","library(ComplexHeatmap)"
"0","library(dplyr)"
"0","library(readxl)"
"0","library(readr)"
"0","library(tximport)"
"0","library(edgeR)"
"0","library(MAGeCKFlute)"
"0","library(clusterProfiler)"
"0","library(ggpubr)"
"0","library(gprofiler2)"
"0","library(VennDiagram)"
"0","library(clusterProfiler)"
"0","library(AnnotationDbi)"
"0","library(org.Mm.eg.db)"
"0","library(extrafont)"
"0","loadfonts(device = ""win"")"
